[
  {
    "link": "https://youtu.be/aTPPmHqMZOw",
    "preview": "db/image/witcher.s02tr01.jpg",
    "description": "Русский трейлер #1"
  },
  {
    "link": "https://youtu.be/PQ59CmCyOk4",
    "preview": "db/image/witcher.s02tr02.jpg",
    "description": "Русский трейлер #2"
  },
  {
    "link": "https://youtu.be/Si65KjkMy8s",
    "preview": "db/image/witcher.s02tiz01.jpg",
    "description": "Трейлер оригинальная озвучка"
  }
]